<?xml version="1.0" encoding="UTF-8" standalone="yes"?>
<addon id="repository.kodiallen" name="Kodi Allen Repository" version="1.0.0" provider-name="Kodi Allen">
    <extension point="xbmc.addon.repository" name="Kodi Allen Repository">
        <dir>
            <info compressed="false">https://raw.githubusercontent.com/kodiallen/kodi-repo/main/addons.xml</info>
            <checksum>https://raw.githubusercontent.com/kodiallen/kodi-repo/main/addons.xml.md5</checksum>
            <datadir zip="true">https://raw.githubusercontent.com/kodiallen/kodi-repo/main/</datadir>
        </dir>
    </extension>
    <extension point="xbmc.addon.metadata">
        <summary>Kodi Allen's Add-on Repository</summary>
        <description>Omega-compatible Kodi add-ons maintained by Kodi Allen</description>
        <disclaimer>These add-ons are community ports for Kodi Omega. Use at your own risk.</disclaimer>
        <platform>all</platform>
        <assets>
            <icon>icon.png</icon>
            <fanart>fanart.jpg</fanart>
        </assets>
    </extension>
</addon>
